sentence1,sentence2,label
"Only a week after it had no comment on upping the storage capacity of its Hotmail e-mail service, Microsoft early Thursday announced it was boosting the allowance to 250MB to follow similar moves by rivals such as Google, Yahoo, and Lycos.",Microsoft's Hotmail has raised its storage capacity to 250MB.,1 (entailment)
"Although they were born on different planets, Oscar-winning actor Nicolas Cage's new son and Superman have something in common - both were named Kal-el.",Nicolas Cage's son is called Kal-el.,1 (entailment)
"Sharon sent dismissal letters to Benny Elon and Avigdor Lieberman, who oppose his withdrawal plan, on Friday.","On Friday, Sharon fired Benny Elon and Avigdor Lieberman.",1 (entailment)
Britain agreed to lift by March 31 a 150-mile military protection zone enforced around the islands since Argentina invaded them in 1982.,The military protection zone around Falklands was lifted.,1 (entailment)
"On Tuesday, October 7, 2003, Arnold Schwarzenegger was elected Governor of California.",Arnold Schwarzenegger was elected Governor of California.,1 (entailment)
"Jacques Santer succeeded Jacques Delors as president of the European Commission in 1995, the second Luxembourger to hold this high office.",Jacques Delors succeeded Jacques Santer in the presidency of the European Commission.,0 (not entailment)
"The Jurassic Park Institute is an absolutely accurate way for kids to get excited about dinosaur science! Written by two noted paleontologists and illustrated in big bold colors, this kid-friendly nonfiction guide uses easy-to-understand text to describe at least 100 dinosaurs alphabetically.",Michael Crichton is the author of the book Jurassic Park.,0 (not entailment)
"In the year 538, Cyrus set in place a policy which demanded the return of the various gods to their proper places.",Cyrus issued a declaration in 538 that would allow the Jews to go back to their homeland.,0 (not entailment)
"Macedonia seems confident it can weather the storm, but some fear Athens may soon take things up a notch.",Greece and Macedonia are in dispute over name.,0 (not entailment)
"Witnesses allegedly hear and see documents being shredded all night long by Jorge Alvarez Aguirre and Rosario Piazza, two ex-Opel men who had followed their leader to VW.","People leaving GM with Lopez included Jose Gutierrez, Jorge Alvarez Aguirre, and Rosario Piazza.",0 (not entailment)