text,label,first_piece,second_piece,generated_guided_completion,generated_general_completion,rouge_score_for_general_completion,rouge_score_for_guided_completion,bleurt_score_for_general_completion,bleurt_score_for_guided_completion,gpt4_icl_evaluation,annotator1_evaluation,annotator2_evaluation
Oil and Economy Cloud Stocks' Outlook (Reuters) Reuters - Soaring crude prices plus worries about the economy and the outlook for earnings are expected to hang over the stock market next week during the depth of the summer doldrums.,2 (Business),Oil and Economy Cloud Stocks' Outlook (Reuters) Reuters - Soaring crude prices plus worries about the economy,and the outlook for earnings are expected to hang over the stock market next week during the depth of the summer doldrums.,have clouded the outlook for stocks in the oil and economy sectors.,"and its impact on businesses have led to a clouded outlook for stocks in the oil industry. The rising cost of oil has put pressure on companies operating in this sector, as it increases their expenses and reduces their profit margins. Additionally, concerns about the overall state of the economy have further dampened investor confidence in oil stocks.

The oil industry heavily relies on economic growth and stability. When the economy is thriving, there is an increased demand for oil, which drives up prices and benefits companies in the sector. However, when the economy faces challenges, such as a recession or slowdown, the demand for oil decreases, leading to a decline in prices and negatively impacting oil companies' profitability.

Furthermore, the uncertainty surrounding global economic conditions has made it difficult for investors to accurately predict the future performance of oil stocks. The ongoing trade tensions between major economies, such as the United States and China, have created a sense of instability and unpredictability in the market. This has resulted in increased volatility and a lack of confidence among investors, making it challenging to make informed investment decisions.

In addition to economic factors, the oil industry also faces various other challenges. Environmental concerns and the push for renewable energy sources have put pressure on oil companies to adapt and transition towards cleaner and more sustainable practices. This transition requires significant investments and can further impact the profitability of oil stocks in the short term.

Overall, the combination of soaring crude prices and concerns about the economy has created a clouded outlook for stocks in the oil industry. Investors are closely monitoring economic indicators and geopolitical developments to gauge the future direction of oil stocks. Until there is more clarity on these fronts, the uncertainty surrounding the business prospects of the oil industry is likely to persist.",0.06,0.24,0.55,0.57,No,No,No
Vandals damage bird reserve A disturbance free zone for nesting birds is put at risk by vandals who cut down the boundary fence.,3 (Sci/Tech),Vandals damage bird reserve A disturbance free zone for nesting,birds is put at risk by vandals who cut down the boundary fence.,"birds has been vandalized, causing damage to the bird reserve. This reserve is meant to be a disturbance-free zone for nesting birds, but unfortunately, it has been targeted by vandals. The incident has caused significant harm to the bird population and their habitat. Authorities are investigating the matter and taking steps to prevent such incidents in the future.","Scientists work to repair the damage and protect the bird reserve

In response to the recent vandalism at the bird reserve, scientists have swiftly taken action to repair the damage and ensure the continued protection of this important nesting site. Recognizing the significance of maintaining a disturbance-free zone for the birds, the team of experts has been working tirelessly to restore the reserve to its previous state.

The first step in the restoration process involved assessing the extent of the damage caused by the vandals. Scientists meticulously examined the affected areas, taking note of any harm done to the nesting sites, vegetation, and overall ecosystem. This thorough evaluation allowed them to develop a comprehensive plan to address each issue and minimize any potential long-term consequences.

With the plan in place, the scientists began the process of repairing the damaged areas. They carefully reconstructed the nesting sites, ensuring that they closely resembled the original structures to provide a familiar and comfortable environment for the birds. Additionally, they replanted native vegetation that had been uprooted, aiming to restore the natural habitat and food sources for the avian inhabitants.

To prevent future acts of vandalism, the scientists have implemented enhanced security measures at the bird reserve. Surveillance cameras have been strategically placed throughout the area, allowing for constant monitoring and immediate response to any suspicious activity. Furthermore, educational programs have been developed to raise awareness about the importance of preserving these delicate ecosystems, with the hope of fostering a sense of responsibility and respect among visitors.

The dedication and expertise of these scientists have not only repaired the damage caused by the vandals but have also strengthened the overall protection of the bird reserve. By working diligently to restore the disturbance-free zone, they have ensured that the nesting birds can continue to thrive in a safe and secure environment. Their efforts serve as a reminder of the importance of preserving our natural habitats and the need for ongoing scientific research and conservation initiatives.",0.03,0.14,0.54,0.64,No,No,No
"Hunt for XP SP2 flaws seen in full swing Security experts said that while the new Service Pack 2 for Windows XP will bolster the operating system's security, hackers will still find a way to exploit any flaws.",3 (Sci/Tech),Hunt for XP SP2 flaws seen in full swing Security experts said that while the new Service Pack 2 for,"Windows XP will bolster the operating system's security, hackers will still find a way to exploit any flaws.","Windows XP has improved the overall security of the operating system, there are still potential vulnerabilities that need to be addressed. The hunt for these flaws is currently in full swing, with security experts actively searching for any weaknesses that could be exploited by hackers. It is crucial to identify and patch these vulnerabilities to ensure the continued safety and protection of users' systems.","Windows XP has improved the overall security of the operating system, hackers and cybercriminals are already hard at work trying to find vulnerabilities in the updated software. The hunt for XP SP2 flaws is now in full swing, with security experts closely monitoring the situation.

One of the main reasons behind the increased interest in finding flaws in XP SP2 is the fact that this service pack has been widely adopted by users around the world. With millions of computers running this updated version of Windows XP, any vulnerabilities discovered could potentially affect a large number of systems.

The security community is well aware of the importance of staying one step ahead of cybercriminals. As a result, they have been actively conducting tests and audits to identify any weaknesses in XP SP2. By doing so, they can provide timely patches and updates to ensure the continued security of users' systems.

However, hackers are known for their persistence and creativity when it comes to finding new ways to exploit software vulnerabilities. They are constantly evolving their techniques and strategies, making it a challenging task for security experts to keep up with them.

To counter this ongoing threat, security researchers are collaborating with software developers to develop proactive security measures. They are working on innovative solutions that can detect and prevent potential attacks before they can cause any harm. This includes advanced intrusion detection systems, behavior-based analysis, and machine learning algorithms.

In addition to the efforts of security experts, users also play a crucial role in maintaining the security of their systems. It is essential for individuals to regularly update their software, including XP SP2, with the latest patches and security updates. They should also exercise caution when downloading and installing applications from unknown sources, as these can often be a source of malware and other malicious software.

As the hunt for XP SP2 flaws continues, it is important for users to stay informed about the latest security developments and take necessary precautions to protect their systems. By working together, the security community and users can ensure a safer and more secure computing environment.",0.06,0.19,0.65,0.75,No,No,No
"Vietnam's Citadel Vulnerable to Weather (AP) AP - Experts from Europe and Asia surveyed 1,400-year-old relics of an ancient citadel in Hanoi Tuesday and said they were concerned the priceless antiquities were at risk from exposure to the elements.",3 (Sci/Tech),"Vietnam's Citadel Vulnerable to Weather (AP) AP - Experts from Europe and Asia surveyed 1,400-year-old relics of an ancient citadel in Hanoi Tuesday and said",they were concerned the priceless antiquities were at risk from exposure to the elements.,"they were concerned about its vulnerability to extreme weather conditions. The citadel, which is located in Hanoi, Vietnam, is over 1,400 years old and holds significant historical and cultural value. The experts, who came from both Europe and Asia, examined the relics and concluded that the citadel's structures and artifacts could be at risk due to the effects of weather, such as heavy rain, strong winds, and temperature fluctuations. They emphasized the need for proper preservation and maintenance measures to ensure the long-term survival of this important heritage site.","that the citadel is at risk of damage due to its vulnerability to extreme weather conditions. The experts noted that the 1,400-year-old relics of the ancient citadel in Hanoi have not been adequately protected from the elements, making them susceptible to deterioration. This poses a significant concern for the preservation of Vietnam's historical heritage.

The citadel, which holds immense cultural and historical value, is a testament to Vietnam's rich past. However, the lack of proper maintenance and protective measures has left it exposed to the harsh effects of climate change. Rising temperatures, heavy rainfall, and increased frequency of storms have already started taking a toll on the citadel's structural integrity.

To address this issue, experts have recommended implementing comprehensive conservation strategies. These strategies would involve reinforcing the citadel's infrastructure, such as repairing damaged walls and fortifications, and installing protective barriers to shield it from extreme weather events. Additionally, they suggest developing a monitoring system to regularly assess the citadel's condition and promptly address any signs of deterioration.

Preserving the citadel is not only crucial for safeguarding Vietnam's cultural heritage but also for promoting tourism and generating economic opportunities. The historical site attracts visitors from around the world, contributing to the local economy and enhancing cultural exchange. By investing in its protection, Vietnam can ensure the longevity of this significant landmark and continue to benefit from its historical and touristic value.

In conclusion, the vulnerability of Vietnam's ancient citadel in Hanoi to extreme weather conditions poses a significant threat to its preservation. Taking immediate action to implement conservation strategies and protective measures is essential to safeguarding this historical site. By doing so, Vietnam can protect its cultural heritage, boost tourism, and contribute to the country's overall development.",0.04,0.15,0.67,0.72,No,No,No
Romanian Gymnasts Edge Ahead of U.S. Women  ATHENS (Reuters) - Daniela Sofronie displayed all her athleticism to edge Romania ahead of the United States in the  Olympic women's gymnastics team qualifying Sunday.,1 (Sports),Romanian Gymnasts Edge Ahead of U.S. Women  ATHENS (Reuters) - Daniela Sofronie displayed all her,athleticism to edge Romania ahead of the United States in the  Olympic women's gymnastics team qualifying Sunday.,"skills on the balance beam to help the Romanian gymnasts edge ahead of the U.S. women in the team competition at the Athens Olympics. Sofronie's flawless routine earned her a score of 9.8, contributing to Romania's overall lead in the event. The U.S. women put up a strong fight, but were unable to match the precision and grace of the Romanian team. The competition between the two teams was fierce, with both sides showcasing their incredible talent and determination. In the end, it was the Romanian gymnasts who came out on top, securing their place as the leaders in the team competition.","grace and skill as she executed a flawless balance beam routine. The crowd erupted in applause as she landed her dismount with precision. Sofronie's performance was a testament to the years of hard work and dedication she had put into her gymnastics training.

Meanwhile, on the other side of the arena, the U.S. women's gymnastics team was determined to make a comeback. With their eyes set on the gold medal, they knew they had to deliver exceptional performances. Simone Biles, the reigning Olympic champion, stepped onto the uneven bars with confidence.

Biles soared through the air, executing intricate flips and twists with ease. Her flawless routine left the audience in awe, and the judges awarded her with a near-perfect score. The U.S. women's team was determined to close the gap between them and the Romanian gymnasts.

As the competition continued, both teams showcased their incredible talent and athleticism. The Romanian gymnasts displayed their strength on the vault, while the U.S. women wowed the crowd with their powerful floor routines. The battle for the gold medal was intense, with each team pushing themselves to their limits.

In the end, the Romanian gymnasts managed to maintain their slight lead over the U.S. women. Their consistent performances and unwavering determination secured them the top spot on the podium. However, the U.S. women's team did not leave empty-handed, as they earned a well-deserved silver medal.

The competition between the Romanian gymnasts and the U.S. women was a true display of sportsmanship and excellence. Both teams pushed each other to new heights, showcasing the beauty and athleticism of gymnastics. The world watched in awe as these incredible athletes defied gravity and pushed the boundaries of what is possible in the sport.

Sports fans around the globe celebrated the incredible performances of these gymnasts. Their dedication, perseverance, and passion for their craft inspired a new generation of athletes. The legacy of this competition would forever be etched in the history of gymnastics, reminding us of the power of sports to unite and inspire.",0.04,0.14,0.54,0.59,No,No,No
Nikkei Falls Over 1 Pct on Oil Worries (Reuters) Reuters - Tokyo's Nikkei fell more than one percent by mid-morning on Monday as investors stepped up selling of exporters such as Toyota Motor Corp. amid growing fears of the impact of surging oil prices on the global economy.,2 (Business),Nikkei Falls Over 1 Pct on Oil Worries (Reuters) Reuters - Tokyo's Nikkei fell more than one percent by mid-morning on Monday as investors stepped up,selling of exporters such as Toyota Motor Corp. amid growing fears of the impact of surging oil prices on the global economy.,"selling of shares amid concerns over rising oil prices. The benchmark index dropped 1.2% to 28,450.67, with energy-related stocks leading the decline. This comes as oil prices continue to surge due to geopolitical tensions in the Middle East and concerns about supply disruptions. Investors are worried that higher oil prices will negatively impact corporate profits and economic growth. As a result, they are selling off their holdings in companies that are heavily reliant on oil or have significant exposure to the energy sector. The Nikkei's decline is also in line with the broader global market trend, as other major stock indices have also been affected by the oil worries.","selling pressure due to concerns about the impact of rising oil prices on businesses. The decline in the Nikkei was primarily driven by the energy sector, with oil companies experiencing significant losses.

Investors are worried that the recent surge in oil prices will lead to higher production costs for businesses, ultimately affecting their profitability. As a result, they are selling off their holdings in oil-related stocks, causing a downward pressure on the overall market.

Furthermore, the rising oil prices are also expected to increase transportation costs, which could further squeeze profit margins for companies in various industries. This has led to a cautious sentiment among investors, who are now reevaluating their investment strategies in light of these concerns.

In addition to the impact on businesses, the geopolitical tensions in oil-producing regions have also contributed to the unease in the market. Any escalation of conflicts or disruptions in oil supply could further exacerbate the situation, leading to even greater volatility in the market.

Analysts are closely monitoring the developments in the oil market and its potential implications for businesses. They believe that if oil prices continue to rise, it could pose significant challenges for companies, particularly those heavily reliant on energy resources.

Overall, the decline in the Nikkei reflects the growing apprehension among investors regarding the impact of rising oil prices on businesses. As the market continues to react to these concerns, it remains to be seen how companies will navigate through these challenges and maintain their profitability in the face of mounting pressures.",0.08,0.13,0.62,0.65,No,No,No
"Ontario delivers long-awaited gas-tax revenue to cash-strapped cities (Canadian Press) Canadian Press - MISSISSAUGA, Ont. (CP) - The Ontario government finally made good Friday on its long-awaited promise to start siphoning millions in gas-tax revenue to municipalities desperate to fix crumbling infrastructure and underfunded transit systems.",0 (World),"Ontario delivers long-awaited gas-tax revenue to cash-strapped cities (Canadian Press) Canadian Press - MISSISSAUGA, Ont. (CP) - The Ontario government finally made good Friday on its long-awaited promise",to start siphoning millions in gas-tax revenue to municipalities desperate to fix crumbling infrastructure and underfunded transit systems.,"to deliver gas-tax revenue to cash-strapped cities. The announcement was made by Premier Doug Ford during a press conference in Mississauga. The funds, which were originally promised by the previous government, will provide much-needed financial relief to municipalities across the province. This move is seen as a positive step towards addressing the financial challenges faced by cities in Ontario.","to deliver gas-tax revenue to cash-strapped cities. The announcement came as a relief to municipalities across the province, who have been struggling to fund essential services amidst budget cuts and increasing demands from their residents.

Under the new funding plan, cities in Ontario will receive a significant boost in their annual gas-tax revenue. This additional funding will enable them to invest in much-needed infrastructure projects, such as repairing roads, upgrading public transportation systems, and improving community facilities.

Mayor Smith of Mississauga, one of the cities set to benefit from this funding, expressed his gratitude towards the Ontario government. ""This is a game-changer for us,"" he said. ""We can now address the pressing needs of our community without burdening our residents with additional taxes.""

The gas-tax revenue will be distributed based on a formula that takes into account factors such as population size and transportation needs. This ensures that cities with higher demands for transportation infrastructure receive a fair share of the funding.

In addition to supporting infrastructure projects, the gas-tax revenue will also be used to enhance environmental sustainability initiatives. Municipalities will be encouraged to invest in green technologies and promote the use of public transportation, reducing carbon emissions and improving air quality.

The Ontario government's commitment to delivering gas-tax revenue to cash-strapped cities demonstrates its dedication to supporting local communities and ensuring their long-term prosperity. By providing this much-needed financial assistance, the government is empowering municipalities to address their unique challenges and improve the quality of life for their residents.

As the news of the funding announcement spreads, mayors and city officials from across the province are expressing their optimism for the future. They believe that this injection of funds will not only stimulate economic growth but also strengthen the social fabric of their communities.

With the first piece reporting the long-awaited delivery of gas-tax revenue to cash-strapped cities in Ontario, the second piece expands on the impact of this funding. It highlights the relief felt by municipalities, the specific projects that will be funded, and the positive environmental and economic outcomes that are expected. The overall tone of the second piece is optimistic and emphasizes the government's commitment to supporting local communities.",0.05,0.15,0.51,0.6,No,No,No
"U.S. Limits Chinese Sock Imports U.S. imports of socks from China will be strictly limited next year, the Bush administration announced yesterday -- a decision that could herald similar action against other types of Chinese-made clothing that have the potential to dominate world markets.",2 (Business),"U.S. Limits Chinese Sock Imports U.S. imports of socks from China will be strictly limited next year, the Bush administration announced yesterday -- a decision that",could herald similar action against other types of Chinese-made clothing that have the potential to dominate world markets.,"is expected to protect American sock manufacturers from unfair competition. The move comes after a year-long investigation into the impact of Chinese sock imports on the domestic market. The investigation found that the surge in cheap Chinese socks had led to the closure of several American sock factories and the loss of thousands of jobs. As a result, the U.S. government has decided to impose quotas on Chinese sock imports, limiting the amount that can be brought into the country. This will give American manufacturers a chance to regain their footing and compete on a level playing field. The decision has been met with mixed reactions, with some praising it as a necessary step to protect American jobs, while others argue that it could lead to higher prices for consumers. Only time will tell what the true impact of this decision will be on the sock industry and the wider economy.","is expected to have a significant impact on the business landscape. The restriction on Chinese sock imports is part of a broader effort by the U.S. government to address concerns over unfair trade practices and protect domestic industries. This move is likely to create new opportunities for American sock manufacturers, who have been struggling to compete with the low-cost Chinese imports flooding the market.

The decision to limit Chinese sock imports comes after a thorough investigation into the trade practices of China, which has been accused of dumping cheap socks into the U.S. market. The influx of these low-priced socks has led to a decline in sales for American manufacturers, forcing many to downsize or shut down their operations altogether. By imposing restrictions on Chinese imports, the U.S. government aims to level the playing field and give domestic businesses a chance to regain their footing.

While this move is expected to benefit American sock manufacturers, it may also lead to higher prices for consumers. With the reduced availability of cheap Chinese socks, consumers may have to pay more for their favorite footwear. However, proponents argue that this is a necessary sacrifice to protect American jobs and ensure fair competition in the market.

The impact of this decision extends beyond the sock industry. It sends a strong message to China and other countries engaging in unfair trade practices that the U.S. will not tolerate the undermining of its domestic industries. This move is part of a broader strategy to strengthen the American economy and promote a level playing field for businesses.

In conclusion, the Bush administration's decision to limit Chinese sock imports is a significant step towards addressing unfair trade practices and protecting American businesses. While it may lead to higher prices for consumers, it is a necessary measure to support domestic industries and ensure fair competition. This move sets a precedent for future actions against countries engaging in unfair trade practices and sends a clear message that the U.S. is committed to protecting its economic interests.",0.03,0.06,0.68,0.6,No,No,No
"Japan Seeks Iraq Hostage Release as Deadline Nears Japan sought international help on Thursday for a Japanese man held hostage in Iraq, with less than 24 hours to go for a deadline set by his captors to behead him unless Tokyo withdraws its troops.",2 (Business),Japan Seeks Iraq Hostage Release as Deadline Nears Japan sought international help on Thursday for a Japanese man held,"hostage in Iraq, with less than 24 hours to go for a deadline set by his captors to behead him unless Tokyo withdraws its troops.","hostage in Iraq as a deadline neared for his release, amid growing concerns for his safety. The man, identified as Kenji Goto, was captured by the Islamic State group in October 2014 while reporting on the conflict in Syria and Iraq. The Japanese government has been working tirelessly to secure his release, engaging in diplomatic efforts and seeking assistance from other countries. As the deadline approached, Japan intensified its efforts, appealing to the international community for support. The situation remains tense, with the fate of the hostage hanging in the balance. Japan is determined to bring its citizen home safely and will continue to do everything in its power to achieve that goal.","hostage in Iraq as the deadline for his release neared. The Japanese government reached out to various countries and organizations, urging them to assist in securing the safe return of their citizen. Prime Minister Shinzo Abe personally contacted world leaders, emphasizing the urgency of the situation and the need for a collaborative effort to resolve the hostage crisis.

In addition to diplomatic efforts, Japan also engaged in negotiations with the captors through intermediaries. The government offered its full cooperation and expressed its willingness to explore any possible avenues for a peaceful resolution. Japanese officials remained in constant communication with the hostage's family, providing updates on the progress and assuring them that every possible measure was being taken to ensure his safe release.

Meanwhile, the Japanese public rallied behind the government's efforts, expressing solidarity and support for the hostage and his family. Social media campaigns were launched, spreading awareness about the situation and calling for the immediate release of the captive. Business leaders and organizations also stepped forward, offering their resources and expertise to aid in the resolution of the crisis.

As the deadline approached, tensions rose, and the international community intensified its efforts to secure the hostage's release. The United Nations, in collaboration with regional organizations, held emergency meetings to discuss potential strategies and coordinate actions. The business community played a crucial role in these discussions, highlighting the economic implications of the situation and emphasizing the need for a swift resolution to prevent any adverse effects on global markets.

Finally, after days of intense negotiations and diplomatic efforts, a breakthrough was achieved. The captors agreed to release the Japanese hostage unharmed, following assurances from the Japanese government regarding their demands. The news was met with relief and jubilation, both in Japan and around the world. The successful resolution of the crisis served as a testament to the power of international cooperation and highlighted the importance of unity in the face of adversity.

In the aftermath of the hostage crisis, Japan vowed to strengthen its efforts in ensuring the safety of its citizens abroad. The government implemented new measures to enhance security protocols and intelligence gathering, aiming to prevent similar incidents in the future. The business community also recognized the need for increased vigilance and cooperation, establishing initiatives to support and protect their employees working in high-risk areas.

Overall, the hostage crisis in Iraq served as a wake-up call for Japan and the international community, highlighting the ever-present risks faced by individuals and businesses operating in volatile regions. It reinforced the importance of collaboration, resilience, and proactive measures to safeguard the well-being of citizens and maintain stability in the",0.05,0.13,0.55,0.56,No,No,No
Taylor Charged With DUI Free safety Sean Taylor was arrested by Virginia State Police on Thursday and charged with driving under the influence of alcohol and refusing to take the alcohol breath test.,1 (Sports),Taylor Charged With DUI Free safety Sean Taylor was arrested by Virginia State Police on Thursday and charged,with driving under the influence of alcohol and refusing to take the alcohol breath test.,with driving under the influence (DUI). The incident occurred on Thursday when Taylor was pulled over by Virginia State Police. He was subsequently arrested and charged with DUI.,"with driving under the influence (DUI). The incident occurred late at night when Taylor was pulled over for erratic driving. Police administered a breathalyzer test, which showed that Taylor's blood alcohol content was well above the legal limit. This is not the first time Taylor has faced legal trouble, as he has previously been charged with assault and weapons offenses. The Washington Redskins, Taylor's team at the time, released a statement expressing their disappointment in his actions and stating that they would support him through the legal process. Taylor's arrest serves as a reminder of the importance of making responsible choices, especially for professional athletes who are role models for many young fans.",0.12,0.28,0.52,0.68,No,No,No
